kospi,kosdaq,sp500,nasdaq,exchangerate,bok,price_gold,price_btc
2175.17,674.02,3257.85,9092.19,1157.35,1.25,56860.0,8046000.0
2176.46,669.93,3234.85,9020.77,1164.95,1.25,57850.0,8472000.0
2155.07,655.31,3246.28,9071.47,1166.94,1.25,59420.0,8855000.0
2175.54,663.44,3237.18,9068.58,1167.3,1.25,58750.0,9391000.0
2151.31,640.94,3253.05,9129.24,1162.25,1.25,60010.0,9096000.0
2186.45,666.09,3274.7,9203.43,1158.72,1.25,58120.0,8946000.0
2206.39,673.03,3265.35,9178.86,1157.97,1.25,57930.0,9228000.0
2229.26,679.22,3288.13,9273.93,1153.95,1.25,57940.0,9175000.0
2238.88,678.71,3283.15,9251.33,1157.2,1.25,57330.0,9707000.0
2230.98,679.16,3289.29,9258.69,1157.91,1.25,57800.0,9732000.0
2248.05,686.52,3316.81,9357.13,1159.73,1.25,57940.0,9785000.0
2250.57,688.41,3329.62,9388.94,1160.44,1.25,58000.0,10000000.0
2239.69,676.52,3320.79,9370.81,1169.01,1.25,58620.0,9963000.0
2267.25,688.25,3321.75,9383.77,1164.76,1.25,58140.0,9927000.0
2246.13,685.57,3325.54,9402.48,1168.54,1.25,58580.0,9753000.0
2176.72,664.7,3276.24,9269.68,1175.71,1.25,59700.0,10573000.0
2185.28,670.18,3273.4,9275.16,1178.68,1.25,59220.0,10675000.0
2148.0,656.39,3283.66,9298.93,1187.64,1.25,59830.0,10776000.0
2119.01,642.48,3225.52,9150.94,1194.97,1.25,59910.0,10780000.0
2118.88,646.85,3248.92,9273.4,1189.79,1.25,60200.0,10765000.0
2157.9,661.24,3297.59,9467.97,1182.9,1.25,59820.0,10636000.0
2165.63,661.32,3334.69,9508.68,1183.4,1.25,59510.0,11050000.0
2227.94,672.69,3345.78,9572.15,1185.28,1.25,59200.0,11271000.0
2211.95,672.63,3327.71,9520.51,1191.39,1.25,59730.0,11500000.0
2201.07,676.07,3352.09,9628.39,1187.17,1.25,59680.0,11527000.0
2223.12,682.34,3357.75,9638.94,1181.25,1.25,59570.0,11783000.0
2238.38,686.59,3379.45,9725.96,1178.51,1.25,59230.0,11805000.0
2232.96,687.61,3373.94,9711.97,1183.58,1.25,59680.0,11798000.0
2243.59,688.91,3380.16,9731.18,1182.46,1.25,59630.0,11861000.0
2208.88,682.92,3370.29,9732.74,1190.95,1.25,60350.0,11823000.0
2210.34,684.78,3386.15,9817.18,1192.5,1.25,60910.0,11425000.0
2195.5,681.66,3373.23,9750.97,1204.71,1.25,61500.0,11527000.0
2162.84,667.99,3337.75,9576.59,1206.91,1.25,62860.0,11499000.0
2079.04,639.29,3225.89,9221.28,1219.08,1.25,64800.0,11624000.0
2103.61,656.95,3128.21,8965.61,1215.54,1.25,63550.0,11327000.0
2076.77,654.63,3116.39,8980.77,1212.31,1.25,63700.0,10729000.0
2054.89,638.17,2978.76,8566.48,1212.63,1.25,64000.0,10694000.0
1987.01,610.73,2954.22,8567.37,1200.2,1.25,63300.0,10558000.0
2002.51,627.66,3090.23,8952.17,1189.61,1.25,61520.0,10682000.0
2014.15,626.82,3003.37,8684.09,1180.5,1.25,61390.0,10509000.0
2059.33,641.73,3130.12,9018.09,1184.73,1.25,62390.0,10492000.0
2085.26,650.19,3023.94,8738.59,1188.72,1.25,62370.0,10783000.0
2040.22,642.72,2972.37,8575.62,1188.7,1.25,64010.0,10854000.0
1954.77,614.6,2746.56,7950.68,1200.88,1.25,64480.0,9729000.0
1962.93,619.97,2882.23,8344.25,1185.6,1.25,63500.0,9547000.0
1908.27,595.61,2741.38,7952.05,1192.57,1.25,63810.0,9514000.0
1834.33,563.49,2480.64,7201.8,1210.71,1.25,63410.0,6349000.0
1771.44,524.0,2711.02,7874.88,1211.28,1.25,62240.0,7266000.0
1714.86,504.51,2386.13,6904.59,1232.37,1.25,60750.0,6382000.0
1672.44,514.73,2529.19,7334.78,1239.72,0.75,59610.0,6778000.0
1591.2,485.14,2398.1,6989.84,1256.46,0.75,60480.0,6745000.0
1457.64,428.35,2409.39,7150.58,1257.86,0.75,60720.0,7673000.0
1566.15,467.75,2304.92,6879.52,1254.45,0.75,60080.0,7784000.0
1482.46,443.76,2237.4,6860.67,1272.5,0.75,60960.0,8049000.0
1609.97,480.4,2447.33,7417.86,1233.21,0.75,63430.0,8360000.0
1704.76,505.68,2475.56,7384.3,1232.0,0.75,64340.0,8272000.0
1686.24,516.61,2630.07,7797.54,1212.9,0.75,63770.0,8272000.0
1717.73,522.83,2541.47,7502.38,1212.23,0.75,63840.0,7885000.0
1717.12,542.11,2626.65,7774.15,1224.21,0.75,64190.0,7791000.0
1754.64,569.07,2584.59,7700.1,1218.3,0.75,63840.0,7795000.0
1685.46,551.84,2470.5,7360.58,1236.2,0.75,63290.0,8065000.0
1724.86,567.7,2526.9,7487.31,1227.35,0.75,62660.0,8172000.0
1725.44,573.01,2488.65,7373.08,1235.61,0.75,63500.0,8151000.0
1791.88,597.21,2663.68,7913.24,1224.6,0.75,63780.0,8790000.0
1823.6,606.9,2659.41,7887.26,1214.93,0.75,64850.0,8649000.0
1807.14,607.37,2749.98,8090.9,1215.76,0.75,64450.0,8828000.0
1836.21,615.95,2789.82,8153.57,1210.58,0.75,64450.0,8811000.0
1825.76,596.71,2761.63,8192.42,1215.46,0.75,66150.0,8388000.0
1857.08,610.29,2846.06,8515.74,1212.46,0.75,67740.0,8378000.0
1857.07,623.43,2799.55,8532.36,1228.94,0.75,68220.0,8560000.0
1914.53,634.79,2874.56,8650.14,1216.13,0.75,66500.0,8526000.0
1898.36,637.82,2823.16,8560.73,1220.58,0.75,66080.0,8388000.0
1879.38,628.77,2736.56,8263.23,1232.56,0.75,67210.0,8407000.0
1896.15,635.16,2799.31,8495.38,1233.55,0.75,67090.0,8642000.0
1914.73,643.79,2797.8,8494.75,1233.04,0.75,68080.0,9050000.0
1889.01,632.96,2836.74,8634.52,1230.53,0.75,68860.0,9099000.0
1922.77,646.86,2878.48,8730.16,1222.05,0.75,68530.0,9479000.0
1934.09,644.93,2863.39,8607.73,1221.31,0.75,67120.0,9415000.0
1947.56,645.18,2939.51,8914.71,1210.99,0.75,67450.0,10538000.0
1895.37,641.91,2842.74,8710.72,1224.14,0.75,67490.0,10837000.0
1928.76,658.4,2848.42,8854.39,1228.55,0.75,67300.0,11271000.0
1928.61,668.17,2881.19,8979.66,1219.61,0.75,66790.0,12010000.0
1945.82,682.3,2929.8,9121.32,1219.65,0.75,67420.0,11878000.0
1935.4,685.04,2930.32,9192.34,1222.91,0.75,67200.0,10437000.0
1922.17,684.21,2870.12,9002.55,1226.64,0.75,67280.0,10675000.0
1940.42,691.53,2820.0,8863.17,1227.37,0.75,67380.0,11262000.0
1924.96,690.57,2852.5,8943.72,1227.03,0.75,67780.0,11784000.0
1927.28,691.93,2863.7,9014.56,1232.69,0.75,68650.0,11322000.0
1937.11,690.85,2953.91,9234.83,1225.13,0.75,69840.0,11687000.0
1980.61,696.36,2922.94,9185.1,1225.04,0.75,68650.0,11728000.0
1989.64,708.76,2971.61,9375.78,1227.26,0.75,69340.0,11523000.0
1998.31,716.02,2948.51,9284.88,1233.19,0.75,69200.0,11095000.0
1970.13,708.58,2955.45,9324.59,1240.59,0.75,69190.0,11122000.0
2029.78,729.11,2991.77,9340.22,1230.9,0.75,69310.0,10737000.0
2031.2,724.59,3036.13,9412.36,1238.19,0.75,68170.0,11150000.0
2028.54,708.75,3029.73,9368.99,1237.97,0.5,68800.0,11568000.0
2029.6,713.68,3044.31,9489.87,1231.49,0.5,68790.0,11405000.0
2065.08,735.72,3055.73,9552.05,1222.92,0.5,68990.0,12072000.0
2087.19,743.58,3080.82,9608.38,1219.62,0.5,68760.0,11525000.0
2147.0,737.66,3122.87,9682.91,1215.79,0.5,67780.0,11650000.0
2151.18,742.37,3112.35,9615.81,1216.39,0.5,67000.0,11785000.0
2181.87,749.31,3193.93,9814.08,1202.02,0.5,66840.0,11603000.0
2184.29,753.04,3232.39,9924.75,1195.35,0.5,65980.0,11680000.0
2188.92,753.82,3207.18,9953.75,1198.4,0.5,65830.0,11683000.0
2195.69,758.62,3190.14,10020.35,1190.67,0.5,66250.0,11738000.0
2176.78,757.06,3002.1,9492.73,1206.1,0.5,66690.0,11080000.0
2132.3,746.06,3041.31,9588.81,1203.66,0.5,67130.0,11393000.0
2030.82,693.15,3066.59,9726.02,1208.55,0.5,67250.0,11335000.0
2138.05,735.38,3124.74,9895.87,1211.79,0.5,67170.0,11451000.0
2141.05,735.4,3113.49,9910.53,1215.41,0.5,67580.0,11427000.0
2133.48,737.33,3115.34,9943.05,1212.5,0.5,67300.0,11338000.0
2141.32,742.03,3097.74,9946.12,1211.83,0.5,67380.0,11281000.0
2126.73,751.64,3117.86,10056.48,1209.41,0.5,68290.0,11597000.0
2131.24,753.23,3131.29,10131.37,1207.46,0.5,68230.0,11495000.0
2161.51,759.5,3050.33,9909.17,1206.08,0.5,68400.0,11230000.0
2112.37,750.36,3083.76,10017.0,1202.21,0.5,68500.0,11139000.0
2134.65,750.58,3009.05,9757.22,1203.8,0.5,68110.0,11027000.0
2093.48,734.69,3053.24,9874.15,1199.16,0.5,68500.0,10970000.0
2108.33,737.97,3100.29,10058.76,1199.28,0.5,68640.0,10914000.0
2106.7,727.58,3115.86,10154.63,1201.51,0.5,69170.0,11042000.0
2135.37,742.55,3130.01,10207.63,1198.75,0.5,68520.0,10867000.0
2187.93,759.9,3179.72,10433.65,1191.92,0.5,68530.0,11045000.0
2164.17,759.16,3145.32,10343.89,1196.75,0.5,68770.0,10971000.0
2158.88,765.96,3169.94,10492.5,1192.05,0.5,69170.0,11125000.0
2167.9,772.9,3152.05,10547.75,1196.98,0.5,69710.0,10950000.0
2150.25,772.81,3185.04,10617.44,1200.42,0.5,69710.0,11034000.0
2186.06,781.19,3155.22,10390.84,1203.37,0.5,69900.0,11000000.0
2183.61,778.39,3197.52,10488.58,1204.89,0.5,70000.0,11006000.0
2201.88,781.29,3226.56,10550.49,1200.5,0.5,70000.0,10975000.0
2183.76,775.07,3215.57,10473.83,1205.11,0.5,70300.0,10929000.0
2201.19,783.22,3224.73,10503.19,1203.44,0.5,70020.0,10927000.0
2198.2,781.96,3251.84,10767.09,1200.9,0.5,70250.0,10943000.0
2228.83,790.58,3257.3,10680.36,1193.92,0.5,70270.0,11120000.0
2228.66,794.99,3276.02,10706.13,1197.22,0.5,71700.0,11258000.0
2216.19,801.69,3235.66,10461.42,1201.45,0.5,72530.0,11330000.0
2200.44,794.8,3215.63,10363.18,1201.5,0.5,73940.0,11334000.0
2217.86,801.23,3239.41,10536.27,1195.57,0.5,77460.0,12910000.0
2256.99,807.85,3218.44,10402.09,1199.46,0.5,80100.0,12760000.0
2263.16,808.59,3258.44,10542.94,1189.79,0.5,78230.0,13118000.0
2267.01,814.19,3246.22,10587.81,1189.62,0.5,78550.0,13100000.0
2249.37,815.3,3271.12,10745.27,1193.59,0.5,78070.0,13408000.0
2251.04,827.57,3294.61,10902.8,1192.59,0.5,78970.0,13275000.0
2279.97,835.35,3306.51,10941.17,1193.2,0.5,77980.0,13310000.0
2311.86,847.28,3327.77,10998.4,1186.05,0.5,79000.0,13851000.0
2342.61,854.12,3349.16,11108.07,1183.5,0.5,79370.0,13865000.0
2351.67,857.63,3351.28,11010.98,1188.68,0.5,79430.0,13762000.0
2386.38,862.76,3360.47,10968.36,1185.58,0.5,78390.0,13997000.0
2418.67,860.23,3333.69,10782.82,1185.62,0.5,77170.0,13610000.0
2432.35,845.6,3380.35,11012.24,1183.23,0.5,72530.0,13681000.0
2437.53,854.77,3373.43,11042.5,1184.92,0.5,74200.0,13816000.0
2407.49,835.03,3372.85,11019.3,1186.94,0.5,74940.0,13830000.0
2348.24,800.22,3389.78,11210.84,1182.7,0.5,76500.0,13996000.0
2360.54,818.74,3374.85,11146.46,1181.74,0.5,76100.0,13872000.0
2274.22,791.14,3385.51,11264.95,1185.24,0.5,74690.0,13944000.0
2304.59,796.01,3397.16,11311.8,1191.72,0.5,74480.0,13774000.0
2329.83,815.74,3431.28,11379.72,1188.66,0.5,74030.0,13842000.0
2366.73,836.31,3443.62,11466.47,1187.35,0.5,73770.0,13471000.0
2369.32,841.35,3478.73,11665.06,1184.39,0.5,73340.0,13538000.0
2344.45,836.4,3484.55,11625.34,1187.44,0.5,73970.0,13413000.0
2353.8,841.3,3508.01,11695.63,1180.48,0.5,74000.0,13522000.0
2326.17,848.24,3500.31,11775.46,1187.94,0.5,75000.0,13728000.0
2349.55,853.37,3526.65,11939.67,1185.45,0.5,75620.0,13967000.0
2364.37,866.74,3580.84,12056.44,1189.13,0.5,74930.0,13574000.0
2395.9,874.13,3455.06,11458.1,1191.48,0.5,74050.0,12301000.0
2368.25,866.04,3426.96,11313.13,1187.3,0.5,74170.0,12625000.0
2401.91,878.29,3331.84,10847.69,1190.1,0.5,73940.0,12126000.0
2375.81,869.47,3398.96,11141.56,1184.79,0.5,73740.0,12160000.0
2396.48,884.3,3339.19,10919.59,1188.11,0.5,74190.0,12320000.0
2396.69,888.44,3340.97,10853.55,1187.89,0.5,74220.0,12332000.0
2427.91,894.17,3383.54,11056.65,1181.51,0.5,74150.0,12633000.0
2443.58,899.46,3401.2,11190.32,1179.76,0.5,74630.0,12803000.0
2435.92,896.28,3385.49,11050.47,1172.88,0.5,74210.0,12900000.0
2406.17,885.18,3357.01,10910.28,1169.2,0.5,73610.0,12786000.0
2412.4,888.88,3319.47,10793.28,1164.81,0.5,73100.0,12769000.0
2389.39,866.99,3281.06,10778.94,1163.61,0.5,72760.0,12266000.0
2332.59,842.72,3315.57,10963.77,1163.61,0.5,71640.0,12326000.0
2333.24,843.45,3236.92,10633.15,1170.65,0.5,70300.0,11946000.0
2272.7,806.95,3246.59,10672.43,1169.1,0.5,69800.0,12495000.0
2278.79,808.28,3298.46,10913.73,1174.32,0.5,70540.0,12441000.0
2308.08,835.91,3351.6,11117.7,1166.85,0.5,70350.0,12450000.0
2327.89,848.15,3335.47,11085.42,1168.73,0.5,70780.0,12598000.0
2358.0,858.39,3408.63,11332.58,1157.12,0.5,71050.0,12529000.0
2365.9,862.58,3360.95,11154.7,1164.37,0.5,71560.0,12418000.0
2386.94,869.66,3419.45,11364.7,1157.26,0.5,70580.0,12409000.0
2391.96,871.62,3446.83,11421.08,1151.11,0.5,70350.0,12566000.0
2403.73,873.5,3534.22,11876.36,1147.79,0.5,71390.0,13174000.0
2403.15,871.92,3511.93,11864.0,1148.3,0.5,71060.0,13114000.0
2380.48,861.48,3488.67,11768.83,1147.14,0.5,70300.0,13149000.0
2361.21,844.44,3483.34,11713.97,1145.14,0.5,70130.0,13219000.0
2341.53,833.84,3483.81,11671.66,1142.13,0.5,70580.0,13033000.0
2346.74,822.25,3426.92,11478.98,1140.06,0.5,70570.0,13398000.0
2358.41,824.65,3443.12,11516.49,1138.39,0.5,69970.0,13634000.0
2370.86,830.67,3435.56,11484.69,1132.54,0.5,70040.0,14409000.0
2355.05,812.7,3453.49,11506.01,1134.74,0.5,70080.0,14571000.0
2360.81,807.98,3465.39,11548.28,1127.95,0.5,69700.0,14565000.0
2343.91,778.02,3400.97,11358.94,1132.44,0.5,69100.0,14746000.0
2330.84,783.73,3390.68,11431.35,1129.21,0.5,69390.0,15295000.0
2345.26,806.2,3271.03,11004.87,1134.93,0.5,69610.0,15069000.0
2326.67,813.93,3310.11,11185.59,1130.06,0.5,68810.0,15202000.0
2267.15,792.65,3269.96,10911.59,1136.49,0.5,68420.0,15332000.0
2300.16,802.95,3310.24,10957.61,1132.95,0.5,68950.0,15399000.0
2343.31,818.46,3369.16,11160.57,1131.32,0.5,69240.0,15854000.0
2357.32,826.97,3443.44,11590.78,1127.65,0.5,69630.0,15962000.0
2413.79,844.8,3510.45,11890.93,1122.88,0.5,69550.0,17379000.0
2416.5,836.78,3509.44,11895.23,1121.4,0.5,70230.0,17379000.0
2447.2,851.21,3550.5,11713.78,1119.06,0.5,70470.0,17102000.0
2452.83,840.79,3545.53,11553.86,1117.07,0.5,67990.0,17015000.0
2485.87,839.9,3572.66,11786.43,1112.39,0.5,67570.0,17405000.0
2475.62,840.08,3537.01,11709.59,1114.86,0.5,67320.0,17969000.0
2493.87,839.14,3585.15,11829.29,1107.62,0.5,67700.0,17982000.0
2543.03,847.33,3626.91,11924.13,1107.04,0.5,67700.0,18268000.0
2539.15,839.47,3609.53,11899.34,1105.38,0.5,67290.0,19350000.0
2545.64,851.74,3567.79,11801.6,1106.17,0.5,66990.0,19724000.0
2547.42,859.94,3581.87,11904.71,1113.59,0.5,67000.0,19793000.0
2553.5,870.18,3557.54,11854.97,1114.95,0.5,67200.0,20636000.0
2602.59,873.29,3577.59,11880.63,1113.51,0.5,67090.0,20131000.0
2617.76,872.1,3635.41,12037.33,1110.24,0.5,65430.0,20950000.0
2601.54,865.12,3629.65,12094.4,1106.21,0.5,64400.0,20843000.0
2633.45,885.56,3638.35,12205.85,1104.43,0.5,64460.0,19119000.0
2591.34,886.11,3621.63,12198.74,1109.32,0.5,62970.0,21302000.0
2634.25,891.29,3662.45,12355.11,1105.73,0.5,63760.0,20848000.0
2675.9,899.34,3669.01,12349.37,1100.02,0.5,64340.0,21094000.0
2696.22,907.61,3666.72,12377.18,1092.08,0.5,64840.0,21168000.0
2731.45,913.76,3699.12,12464.23,1083.77,0.5,64320.0,20533000.0
2745.44,926.88,3691.96,12519.95,1083.53,0.5,64390.0,20855000.0
2700.93,906.84,3702.25,12582.77,1084.86,0.5,65380.0,20025000.0
2755.47,913.81,3672.82,12338.95,1086.48,0.5,65080.0,20262000.0
2746.46,921.7,3668.1,12405.81,1085.55,0.5,64610.0,19919000.0
2770.06,928.44,3663.46,12377.87,1091.67,0.5,64710.0,19648000.0
2762.2,929.54,3647.49,12440.04,1093.07,0.5,64830.0,20933000.0
2756.82,931.27,3694.62,12595.06,1089.43,0.5,64990.0,21090000.0
2771.79,939.65,3701.17,12658.19,1092.36,0.5,65690.0,22918000.0
2770.43,944.04,3722.48,12764.75,1093.01,0.5,66140.0,24702000.0
2772.18,947.24,3709.41,12755.64,1099.39,0.5,67260.0,25153000.0
2778.65,953.58,3694.92,12742.52,1102.55,0.5,68400.0,25335000.0
2733.68,928.73,3687.26,12807.92,1109.72,0.5,67430.0,26782000.0
2759.82,923.17,3690.01,12771.11,1106.65,0.5,67000.0,26376000.0
2806.86,928.68,3703.06,12804.73,1101.59,0.5,67100.0,26479000.0
2808.6,927.0,3735.36,12899.42,1095.6,0.5,67200.0,30199000.0
2820.51,957.41,3727.04,12850.22,1090.97,0.5,66540.0,30450000.0
2873.47,968.42,3732.04,12870.0,1087.62,0.5,66370.0,31886000.0
2944.45,977.62,3700.65,12698.45,1086.48,0.5,67580.0,36499000.0
2990.57,985.76,3726.86,12818.96,1086.42,0.5,68590.0,37962000.0
2968.21,981.39,3748.14,12740.79,1087.93,0.5,69230.0,40731000.0
3031.68,988.86,3803.79,13067.48,1094.28,0.5,68500.0,44575000.0
3152.18,987.79,3824.68,13201.98,1092.93,0.5,68320.0,47241000.0
3148.45,976.63,3799.61,13036.43,1097.23,0.5,66990.0,40340000.0
3125.95,973.72,3801.19,13072.43,1094.48,0.5,67320.0,38541000.0
3148.29,979.13,3809.84,13128.95,1097.12,0.5,66600.0,41403000.0
3149.93,980.29,3795.54,13112.64,1095.88,0.5,66480.0,42762000.0
3085.9,964.44,3768.25,12998.5,1103.27,0.5,66340.0,41045000.0
3092.66,957.75,3798.91,13197.18,1101.44,0.5,65670.0,39465000.0
3114.55,977.66,3851.85,13457.25,1096.35,0.5,66000.0,39277000.0
3160.84,981.4,3853.07,13530.92,1099.88,0.5,66660.0,34389000.0
3140.63,979.98,3841.47,13543.06,1105.41,0.5,66400.0,36365000.0
3208.99,999.3,3855.36,13635.99,1102.58,0.5,65990.0,36061000.0
3140.31,994.0,3849.62,13626.07,1101.02,0.5,66220.0,35950000.0
3122.56,985.92,3750.77,13270.6,1108.38,0.5,65950.0,34315000.0
3069.05,961.23,3787.38,13337.16,1112.52,0.5,66140.0,36613000.0
2976.21,928.73,3714.24,13070.69,1117.64,0.5,66620.0,37509000.0
3056.53,956.92,3773.86,13403.39,1116.51,0.5,67130.0,36517000.0
3096.81,963.81,3826.31,13612.78,1115.37,0.5,66980.0,37878000.0
3129.68,970.69,3830.17,13610.54,1113.46,0.5,66280.0,39353000.0
3087.55,964.58,3871.74,13777.74,1120.0,0.5,65920.0,39820000.0
3120.63,967.42,3886.83,13856.3,1116.77,0.5,65400.0,40482000.0
3091.24,960.78,3915.59,13987.64,1115.61,0.5,65590.0,49150000.0
3084.67,957.85,3911.23,14007.7,1110.88,0.5,66180.0,48649000.0
3100.58,964.31,3909.88,13972.53,1105.48,0.5,65840.0,48580000.0
3163.25,977.74,3932.59,14047.5,1106.58,0.5,64840.0,54780000.0
3133.73,979.77,3931.33,13965.5,1105.61,0.5,64210.0,57513000.0
3086.66,967.42,3913.97,13865.36,1106.96,0.5,63900.0,57811000.0
3107.62,965.11,3906.71,13874.47,1104.27,0.5,63540.0,63502000.0
3079.75,954.29,3876.5,13533.05,1111.59,0.5,64360.0,61723000.0
3070.09,936.6,3881.37,13465.2,1110.13,0.5,65140.0,55088000.0
2994.98,906.31,3925.43,13597.97,1107.27,0.5,65020.0,56500000.0
3099.69,936.21,3829.34,13119.43,1118.77,0.5,64480.0,53964000.0
3012.95,913.94,3811.15,13192.35,1123.89,0.5,64160.0,53588000.0
3043.87,923.17,3870.29,13358.79,1125.01,0.5,63050.0,55963000.0
3082.99,930.8,3819.72,12997.75,1126.05,0.5,63340.0,57841000.0
3043.49,926.2,3768.47,12723.47,1130.87,0.5,62960.0,56351000.0
3026.26,923.48,3841.94,12920.15,1128.0,0.5,62300.0,56506000.0
2996.11,904.77,3821.35,12609.16,1140.83,0.5,62700.0,59777000.0
2976.12,896.36,3875.44,13073.82,1134.91,0.5,62720.0,62916000.0
2958.12,890.07,3898.81,13068.83,1135.91,0.5,63560.0,64151000.0
3013.7,908.01,3939.34,13398.67,1130.35,0.5,63630.0,66103000.0
3054.39,925.49,3943.34,13319.86,1136.0,0.5,63150.0,66465000.0
3045.71,926.9,3968.94,13459.71,1132.35,0.5,63480.0,64429000.0
3067.17,940.65,3962.71,13471.57,1129.0,0.5,63480.0,65997000.0
3047.5,943.78,3974.12,13525.2,1121.21,0.5,63520.0,68346000.0
3066.01,949.83,3915.46,13116.17,1127.75,0.5,63620.0,66900000.0
3039.53,952.11,3913.1,13215.24,1129.12,0.5,63600.0,67726000.0
3035.46,955.38,3940.59,13377.54,1126.0,0.5,63280.0,64453000.0
3004.74,946.31,3910.52,13227.7,1132.9,0.5,63440.0,65314000.0
2996.35,953.82,3889.14,12961.89,1134.9,0.5,63420.0,64700000.0
3008.33,954.99,3909.52,12977.68,1135.12,0.5,63550.0,63066000.0
3041.01,956.7,3974.54,13138.72,1128.52,0.5,63230.0,65601000.0
3036.04,954.1,3971.09,13059.65,1131.56,0.5,63200.0,68391000.0
3070.0,958.06,3958.55,13045.39,1132.59,0.5,62740.0,70470000.0
3061.42,956.17,3972.89,13246.87,1127.17,0.5,62530.0,70974000.0
3087.4,965.78,4019.87,13480.11,1128.72,0.5,63010.0,72314000.0
3120.83,969.77,4077.91,13705.59,1124.18,0.5,62980.0,78300000.0
3127.08,968.63,4073.94,13698.38,1119.17,0.5,63100.0,77792000.0
3137.41,973.22,4079.95,13688.84,1119.03,0.5,62930.0,72914000.0
3143.26,982.02,4097.17,13829.31,1115.83,0.5,63000.0,75183000.0
3131.88,989.39,4128.8,13900.19,1120.98,0.5,63400.0,75642000.0
3135.59,1000.65,4127.99,13850.0,1124.32,0.5,63330.0,77974000.0
3169.08,1010.37,4141.59,13996.1,1121.37,0.5,62950.0,80661000.0
3182.38,1014.42,4124.66,13857.84,1116.08,0.5,63050.0,80171000.0
3194.33,1013.9,4170.42,14038.76,1116.68,0.5,62990.0,79425000.0
3198.62,1021.62,4185.47,14052.34,1116.5,0.5,63600.0,79213000.0
3198.84,1029.46,4163.26,13914.77,1115.33,0.5,64170.0,71001000.0
3220.7,1031.88,4134.94,13786.27,1117.28,0.5,63750.0,70289000.0
3171.66,1022.22,4173.42,13950.22,1116.35,0.5,64480.0,67805000.0
3177.52,1025.71,4134.98,13818.41,1118.79,0.5,64640.0,59500000.0
3186.1,1026.82,4180.17,14016.81,1114.72,0.5,64480.0,61380000.0
3217.53,1030.06,4187.62,14138.78,1110.27,0.5,63990.0,64196000.0
3215.42,1021.01,4186.72,14090.22,1113.33,0.5,63850.0,64738000.0
3181.47,998.27,4183.18,14051.03,1109.88,0.5,63580.0,64116000.0
3174.07,990.69,4211.47,14082.55,1107.63,0.5,63680.0,63710000.0
3147.86,983.45,4181.17,13962.68,1117.16,0.5,63550.0,68075000.0
3127.2,961.81,4192.66,13895.12,1120.34,0.5,64300.0,69876000.0
3147.37,967.2,4164.66,13633.5,1125.77,0.5,64560.0,66679000.0
3178.74,969.99,4201.62,13632.84,1120.28,0.5,65020.0,68398000.0
3197.2,978.3,4232.6,13752.24,1111.23,0.5,65730.0,68647000.0
3249.3,992.8,4188.43,13401.86,1116.68,0.5,66050.0,70731000.0
3209.43,978.61,4152.1,13389.43,1119.58,0.5,66280.0,69550000.0
3161.66,967.1,4063.04,13031.68,1132.73,0.5,66340.0,61088000.0
3122.11,951.77,4112.5,13124.99,1126.73,0.5,66300.0,62879000.0
3153.32,966.72,4173.85,13429.98,1125.79,0.5,66540.0,61526000.0
3134.52,962.5,4163.29,13379.05,1136.73,0.5,67820.0,54050000.0
3173.05,969.1,4127.83,13303.64,1126.93,0.5,68200.0,53153000.0
3162.28,971.13,4159.12,13535.74,1127.66,0.5,68550.0,51450000.0
3156.42,965.63,4155.86,13470.99,1127.63,0.5,68190.0,48930000.0
3144.3,948.37,4197.05,13661.17,1123.48,0.5,68520.0,47100000.0
3171.32,962.07,4188.13,13657.17,1122.36,0.5,68010.0,46984000.0
3168.43,966.06,4195.99,13738.0,1116.61,0.5,68540.0,47285000.0
3165.51,974.08,4200.88,13736.28,1118.55,0.5,68420.0,46514000.0
3188.73,977.46,4204.11,13748.74,1113.08,0.5,68020.0,43641000.0
3221.87,984.59,4202.04,13736.48,1108.38,0.5,68270.0,43208000.0
3224.23,981.1,4208.12,13756.33,1110.92,0.5,68040.0,43720000.0
3247.43,990.19,4192.85,13614.51,1116.46,0.5,68190.0,45440000.0
3240.08,987.58,4229.89,13814.49,1110.52,0.5,67340.0,42973000.0
3252.12,985.86,4226.52,13881.72,1110.62,0.5,67510.0,38953000.0
3247.83,986.12,4227.26,13924.91,1117.72,0.5,68100.0,38531000.0
3216.18,978.79,4219.55,13911.75,1115.61,0.5,67990.0,43259000.0
3224.64,987.77,4239.18,14020.33,1112.32,0.5,67800.0,42761000.0
3249.32,991.13,4247.44,14069.42,1116.4,0.5,67970.0,43574000.0
3252.13,997.41,4255.15,14174.14,1116.33,0.5,67060.0,46563000.0
3258.63,997.37,4246.59,14072.86,1117.09,0.5,67130.0,46373000.0
3278.68,998.49,4223.7,14039.68,1132.68,0.5,66900.0,45234000.0
3264.96,1003.72,4221.86,14161.35,1134.3,0.5,66100.0,44769000.0
3267.93,1015.88,4166.45,14030.38,1134.94,0.5,65180.0,42523000.0
3240.79,1010.99,4224.79,14141.48,1131.4,0.5,65020.0,37264000.0
3263.88,1011.56,4246.44,14253.27,1133.57,0.5,65170.0,37826000.0
3276.19,1016.46,4241.84,14271.73,1135.85,0.5,65350.0,39079000.0
3286.1,1012.62,4266.49,14369.71,1130.78,0.5,65100.0,40177000.0
3302.84,1012.13,4280.7,14360.39,1127.12,0.5,64790.0,37101000.0
3301.89,1017.91,4290.61,14500.51,1130.04,0.5,65030.0,39997000.0
3286.68,1022.52,4291.8,14528.33,1131.62,0.5,64800.0,41482000.0
3296.68,1029.96,4297.5,14503.95,1130.48,0.5,64120.0,40685000.0
3282.06,1035.64,4319.94,14522.38,1134.33,0.5,65020.0,39335000.0
3281.78,1038.18,4352.34,14639.33,1130.53,0.5,65200.0,39417000.0
3305.21,1044.96,4343.54,14663.64,1136.75,0.5,65950.0,39814000.0
3285.34,1047.36,4358.13,14665.06,1141.5,0.5,66210.0,39692000.0
3252.68,1034.48,4320.82,14559.78,1146.59,0.5,66450.0,39022000.0
3217.95,1028.93,4369.55,14701.92,1143.73,0.5,66690.0,39825000.0
3246.47,1034.64,4384.63,14733.24,1146.85,0.5,66690.0,39137000.0
3271.38,1043.31,4369.21,14677.65,1149.94,0.5,66770.0,38753000.0
3264.81,1044.98,4374.3,14644.95,1144.22,0.5,67210.0,38602000.0
3286.22,1054.31,4360.03,14543.13,1141.59,0.5,67380.0,37576000.0
3276.91,1051.98,4327.16,14427.24,1141.51,0.5,67030.0,37101000.0
3244.04,1049.83,4258.63,14274.98,1150.83,0.5,66890.0,36711000.0
3232.7,1043.64,4323.21,14498.88,1147.47,0.5,67330.0,35256000.0
3215.91,1042.03,4358.69,14631.95,1149.31,0.5,67310.0,38010000.0
3250.21,1050.25,4367.48,14684.6,1150.55,0.5,66720.0,37910000.0
3254.42,1055.5,4411.8,14836.99,1151.52,0.5,66940.0,39135000.0
3224.95,1047.63,4422.23,14840.71,1152.54,0.5,67200.0,43066000.0
3232.53,1046.55,4401.46,14660.58,1154.25,0.5,66630.0,45616000.0
3236.86,1035.68,4400.65,14762.58,1150.27,0.5,67120.0,46334000.0
3242.65,1044.13,4419.15,14778.26,1143.12,0.5,66940.0,45980000.0
3202.32,1031.14,4395.26,14672.68,1151.41,0.5,67540.0,48516000.0
3223.04,1037.8,4387.11,14681.07,1150.18,0.5,67070.0,45403000.0
3237.14,1036.11,4423.15,14761.3,1148.44,0.5,67010.0,44859000.0
3280.38,1047.93,4402.68,14780.53,1144.76,0.5,66870.0,45777000.0
3276.13,1059.54,4429.1,14895.12,1142.59,0.5,66620.0,47132000.0
3270.36,1059.8,4436.52,14835.76,1144.93,0.5,66310.0,49332000.0
3260.42,1060.0,4432.35,14860.18,1146.89,0.5,64710.0,53011000.0
3243.19,1052.07,4436.75,14788.09,1152.7,0.5,64880.0,52331000.0
3220.62,1051.92,4447.7,14765.14,1153.98,0.5,65260.0,52561000.0
3208.38,1054.09,4460.84,14816.26,1162.98,0.5,65760.0,52058000.0
3171.29,1040.78,4468.0,14822.9,1161.37,0.5,66220.0,55299000.0
3143.09,1011.05,4448.08,14656.18,1177.3,0.5,67800.0,52536000.0
3158.93,1021.08,4400.27,14525.91,1170.03,0.5,67290.0,52705000.0
3097.83,991.15,4405.8,14541.79,1176.28,0.5,67150.0,54941000.0
3060.51,967.9,4441.67,14714.66,1175.15,0.5,67640.0,57646000.0
3090.21,993.18,4479.54,14942.65,1169.36,0.5,67240.0,57725000.0
3138.3,1013.18,4486.23,15019.8,1163.65,0.5,67480.0,56107000.0
3146.81,1017.78,4496.19,15041.86,1163.87,0.5,67270.0,57154000.0
3128.53,1020.44,4469.91,14945.81,1170.53,0.75,67070.0,55200000.0
3133.9,1023.51,4509.37,15129.5,1161.23,0.75,67470.0,57421000.0
3144.19,1031.84,4528.79,15265.89,1164.34,0.75,67570.0,55631000.0
3199.27,1038.33,4522.68,15259.24,1158.73,0.75,67410.0,55160000.0
3207.02,1045.98,4524.09,15309.38,1155.47,0.75,67380.0,56480000.0
3175.85,1047.19,4536.95,15331.18,1158.05,0.75,67500.0,57297000.0
3201.06,1053.85,4535.43,15363.52,1154.28,0.75,67310.0,57830000.0
3187.42,1054.43,4520.03,15374.33,1161.98,0.75,67540.0,56620000.0
3162.99,1037.22,4514.07,15286.64,1166.54,0.75,67320.0,55623000.0
3114.7,1034.62,4493.28,15248.25,1169.64,0.75,67280.0,55826000.0
3125.76,1037.91,4458.58,15115.49,1170.23,0.75,67590.0,54910000.0
3127.86,1026.34,4468.73,15105.58,1172.83,0.75,67580.0,54286000.0
3148.83,1037.74,4443.05,15037.76,1172.23,0.75,67470.0,56557000.0
3153.4,1042.79,4480.7,15161.53,1166.23,0.75,67780.0,57127000.0
3130.09,1039.43,4473.76,15181.92,1175.19,0.75,67390.0,57248000.0
3140.51,1046.12,4432.99,15043.97,1180.69,0.75,66800.0,57616000.0
3127.58,1036.26,4448.98,15052.24,1174.63,0.75,66900.0,54363000.0
3125.24,1037.03,4455.48,15047.7,1179.68,0.75,66590.0,52158000.0
3133.64,1034.82,4443.11,14969.97,1177.94,0.75,66740.0,51693000.0
3097.92,1012.51,4352.63,14546.68,1187.16,0.75,66630.0,50268000.0
3060.27,1001.46,4359.46,14512.44,1187.11,0.75,66380.0,50804000.0
3068.82,1003.27,4307.54,14448.58,1184.23,0.75,66170.0,53473000.0
3019.18,983.2,4357.05,14566.7,1180.35,0.75,66930.0,58386000.0
2962.17,955.37,4345.72,14433.83,1186.48,0.75,67180.0,61800000.0
2908.31,922.36,4363.55,14501.91,1190.21,0.75,67240.0,67121000.0
2959.46,953.43,4399.76,14654.02,1190.88,0.75,67500.0,65474000.0
2956.3,953.11,4391.36,14579.54,1196.79,0.75,67650.0,65982000.0
2916.38,940.15,4350.64,14465.92,1197.29,0.75,67950.0,69211000.0
2944.41,953.47,4363.8,14571.64,1186.18,0.75,67740.0,69925000.0
2988.64,983.43,4438.23,14823.43,1181.69,0.75,68270.0,69753000.0
3015.06,990.54,4471.37,14897.34,1182.07,0.75,68040.0,75707000.0
3006.68,993.86,4486.48,15021.81,1185.47,0.75,67500.0,76494000.0
3029.04,1005.35,4519.63,15129.09,1175.13,0.75,67460.0,78715000.0
3013.13,1001.62,4536.19,15121.68,1175.63,0.75,67200.0,79630000.0
3007.33,993.7,4549.78,15215.7,1177.78,0.75,67690.0,76196000.0
3006.16,995.07,4544.9,15090.2,1177.48,0.75,67800.0,74283000.0
3020.54,994.31,4566.48,15226.71,1168.02,0.75,67750.0,76280000.0
3049.08,1011.76,4574.79,15235.72,1167.95,0.75,67850.0,73012000.0
3025.49,1008.95,4551.68,15235.84,1172.05,0.75,67560.0,71646000.0
3009.55,1000.13,4596.42,15448.12,1168.44,0.75,68010.0,72947000.0
2970.68,992.33,4605.38,15498.39,1174.47,0.75,67720.0,74641000.0
2978.94,998.57,4613.67,15595.92,1177.45,0.75,67700.0,72422000.0
3013.49,1009.44,4630.65,15649.6,1178.48,0.75,67950.0,74162000.0
2975.71,1005.0,4660.57,15811.58,1178.78,0.75,67840.0,74674000.0
2983.22,1001.43,4680.06,15940.31,1185.75,0.75,67620.0,73757000.0
2969.27,1001.35,4697.53,15971.59,1181.05,0.75,68380.0,74108000.0
2960.2,1002.5,4701.7,15982.36,1180.84,0.75,69130.0,81504000.0
2962.46,1008.68,4685.25,15886.54,1178.4,0.75,69140.0,80729000.0
2930.17,987.75,4646.71,15622.7,1185.04,0.75,69400.0,79520000.0
2924.92,992.65,4649.27,15704.28,1182.39,0.75,70370.0,78842000.0
2968.8,1009.07,4682.85,15860.96,1179.2,0.75,70390.0,78179000.0
2999.52,1029.03,4682.81,15853.85,1183.42,0.75,70290.0,77559000.0
2997.21,1035.46,4700.9,15973.85,1183.85,0.75,70570.0,73884000.0
2962.42,1031.26,4688.67,15921.57,1180.46,0.75,70510.0,73962000.0
2947.38,1032.77,4706.64,15993.71,1182.37,0.75,70700.0,70388000.0
2971.02,1041.92,4697.96,16057.44,1187.1,0.75,70820.0,71782000.0
3013.25,1032.31,4682.95,15854.76,1190.08,0.75,70340.0,70416000.0
2997.33,1013.72,4690.7,15775.14,1189.08,0.75,69200.0,71618000.0
2994.29,1020.13,4701.46,15845.23,1188.77,0.75,68600.0,71670000.0
2936.44,1005.89,4594.62,15491.66,1194.43,1.0,69220.0,68329000.0
2909.32,992.34,4655.27,15782.83,1190.69,1.0,69090.0,72200000.0
2839.01,965.63,4567.0,15537.69,1182.71,1.0,68840.0,70566000.0
2899.72,977.15,4513.04,15254.05,1176.93,1.0,68200.0,70915000.0
2945.27,977.43,4577.1,15381.32,1176.74,1.0,68020.0,70204000.0
2968.33,998.47,4538.43,15085.47,1181.0,1.0,68170.0,67962000.0
2973.25,991.87,4591.67,15225.15,1180.54,1.0,68390.0,62600000.0
2991.72,996.64,4686.75,15686.92,1176.73,1.0,68210.0,63063000.0
3001.8,1006.04,4701.21,15786.99,1175.19,1.0,68360.0,62063000.0
3029.57,1022.87,4667.45,15517.37,1178.15,1.0,68280.0,59307000.0
3010.23,1011.57,4712.02,15630.6,1180.86,1.0,68210.0,59705000.0
3001.66,1005.96,4669.15,15413.28,1184.91,1.0,68460.0,58417000.0
2987.95,1002.81,4634.09,15237.64,1185.19,1.0,68380.0,59705000.0
2989.39,1003.52,4709.84,15565.58,1184.57,1.0,68110.0,61046000.0
3006.41,1007.86,4668.67,15180.43,1186.29,1.0,68400.0,59547000.0
3017.73,1001.26,4620.64,15169.68,1187.7,1.0,68860.0,57914000.0
2963.0,990.51,4568.02,14980.94,1189.53,1.0,69210.0,57803000.0
2975.03,996.6,4649.23,15341.09,1190.67,1.0,68910.0,59920000.0
2984.48,1000.13,4696.56,15521.89,1190.21,1.0,68820.0,59614000.0
2998.17,1003.31,4725.78,15653.37,1185.55,1.0,69120.0,61480000.0
2999.55,1011.36,4791.19,15871.26,1185.61,1.0,69150.0,61400000.0
3020.24,1027.44,4786.36,15781.72,1188.09,1.0,69400.0,58278000.0
2993.29,1028.05,4793.06,15766.22,1184.7,1.0,69130.0,56989000.0
2977.65,1033.98,4778.73,15741.56,1189.36,1.0,68950.0,57155000.0
2988.77,1037.83,4796.56,15832.8,1193.0,1.0,70090.0,56626000.0
2989.24,1031.66,4793.54,15622.72,1197.49,1.0,69520.0,56030000.0
2953.97,1009.62,4700.58,15100.17,1198.2,1.0,70080.0,53788000.0
2920.53,980.3,4696.05,15080.86,1204.95,1.0,69720.0,53245000.0
2954.89,995.16,4677.02,14935.9,1197.63,1.0,69390.0,51356000.0
2926.72,980.38,4670.29,14942.83,1198.04,1.0,69300.0,51163000.0
2927.38,969.92,4713.07,15153.45,1192.31,1.0,69620.0,52334000.0
2972.48,991.33,4726.35,15188.39,1185.87,1.0,69800.0,53373000.0
2962.09,983.25,4659.02,14806.81,1186.11,1.0,69860.0,51739000.0
2921.92,971.39,4662.85,14893.75,1190.07,1.25,69740.0,52247000.0
2864.24,943.94,4577.34,14506.9,1192.69,1.25,69600.0,51132000.0
2842.28,933.9,4532.76,14340.25,1188.13,1.25,69520.0,50237000.0
2862.68,958.7,4482.73,14154.02,1192.42,1.25,70350.0,49665000.0
2834.29,942.85,4397.93,13768.92,1192.51,1.25,70490.0,45225000.0
2792.0,915.4,4410.13,13855.13,1195.59,1.25,70620.0,44726000.0
2720.39,889.44,4356.45,13539.3,1196.35,1.25,70810.0,44872000.0
2709.24,882.09,4349.93,13542.12,1197.03,1.25,71020.0,45026000.0
2614.49,849.23,4326.5,13352.78,1203.77,1.25,70210.0,45775000.0
2663.34,872.87,4431.85,13770.57,1209.56,1.25,69860.0,46606000.0
2707.82,891.6,4477.44,13878.82,1199.47,1.25,70100.0,45754000.0
2750.26,902.87,4500.54,14098.01,1198.25,1.25,69720.0,50604000.0
2745.06,899.4,4483.87,14015.67,1196.87,1.25,70010.0,53471000.0
2746.47,895.27,4521.54,14194.45,1196.35,1.25,70240.0,53698000.0
2768.85,910.53,4587.18,14490.37,1194.05,1.25,70430.0,53551000.0
2771.93,895.68,4504.06,14185.64,1199.83,1.25,70490.0,53004000.0
2747.71,877.42,4418.64,13791.15,1199.48,1.25,70360.0,51792000.0
2704.48,852.79,4401.67,13790.92,1197.32,1.25,71390.0,51607000.0
2676.54,839.92,4471.07,14139.76,1196.76,1.25,72270.0,53706000.0
2729.68,878.15,4475.01,14124.09,1196.53,1.25,71210.0,53183000.0
2744.09,874.22,4380.26,13716.72,1198.63,1.25,72070.0,49277000.0
2744.52,881.71,4348.87,13548.07,1195.59,1.25,72430.0,48932000.0
2706.79,868.11,4304.74,13381.52,1191.9,1.25,72990.0,46429000.0
2719.53,877.33,4225.5,13037.49,1192.44,1.25,72550.0,45431000.0
2648.8,848.21,4288.7,13473.58,1206.05,1.25,74360.0,46816000.0
2676.76,872.98,4384.62,13694.62,1197.57,1.25,73360.0,47818000.0
2699.18,881.07,4373.79,13751.4,1200.12,1.25,73500.0,52152000.0
2703.52,895.45,4386.54,13752.02,1203.16,1.25,74370.0,53398000.0
2747.08,912.32,4363.49,13537.94,1205.54,1.25,74080.0,51780000.0
2713.43,900.96,4328.87,13313.44,1217.45,1.25,74930.0,48411000.0
2651.31,881.54,4201.09,12830.96,1232.14,1.25,76960.0,47399000.0
2622.4,870.14,4170.62,12795.55,1233.53,1.25,78360.0,48199000.0
2680.32,889.08,4259.52,13129.96,1228.83,1.25,77130.0,48905000.0
2661.28,891.71,4204.31,12843.81,1237.08,1.25,77780.0,48232000.0
2645.65,872.44,4173.11,12581.22,1240.64,1.25,78010.0,49159000.0
2621.53,871.22,4262.45,12948.62,1240.62,1.25,76740.0,48604000.0
2659.23,891.8,4357.95,13436.55,1225.35,1.25,75790.0,50452000.0
2694.51,914.13,4411.67,13614.78,1209.89,1.25,75170.0,50035000.0
2707.02,922.96,4463.09,13893.84,1211.15,1.25,75000.0,50737000.0
2686.05,918.4,4461.18,13838.46,1217.55,1.25,75080.0,50081000.0
2710.0,924.67,4511.61,14108.82,1215.07,1.25,75400.0,51755000.0
2735.05,930.57,4456.23,13922.6,1218.62,1.25,74700.0,52150000.0
2729.66,931.75,4520.16,14191.84,1219.58,1.25,75650.0,52886000.0
2729.98,934.69,4543.04,14169.3,1225.08,1.25,76150.0,53889000.0
2729.56,927.11,4575.52,14354.9,1223.65,1.25,75920.0,56868000.0
2741.07,937.83,4631.6,14619.64,1207.35,1.25,75270.0,57047000.0
2746.74,939.07,4602.45,14442.27,1210.31,1.25,74920.0,56674000.0
2757.65,944.53,4530.41,14220.52,1214.17,1.25,74990.0,55442000.0
2739.85,940.57,4545.86,14261.5,1219.73,1.25,75600.0,56502000.0
2757.9,947.32,4582.64,14532.55,1213.75,1.25,75150.0,57026000.0
2759.2,952.47,4525.12,14204.17,1218.22,1.25,75210.0,56149000.0
2735.03,943.13,4481.15,13888.82,1217.48,1.25,75260.0,53020000.0
2695.86,927.95,4500.21,13897.3,1222.55,1.25,75390.0,53808000.0
2700.39,934.73,4488.28,13711.0,1229.19,1.25,75880.0,52910000.0
2693.1,921.83,4412.53,13411.96,1234.32,1.25,76610.0,49884000.0
2666.76,913.82,4397.45,13371.57,1228.08,1.25,77400.0,50402000.0
2716.49,927.31,4446.59,13643.59,1223.23,1.25,77440.0,51410000.0
2716.71,928.01,4392.59,13351.08,1230.15,1.5,77350.0,49947000.0
2693.21,918.23,4391.69,13332.36,1235.22,1.5,78340.0,50767000.0
2718.89,931.56,4462.21,13619.66,1239.53,1.5,78250.0,51446000.0
2718.69,928.93,4459.45,13453.07,1233.66,1.5,76830.0,51420000.0
2728.21,929.68,4393.66,13174.65,1242.81,1.5,77490.0,50878000.0
2704.71,922.78,4271.78,12839.29,1244.11,1.5,77650.0,49942000.0
2657.13,899.84,4296.12,13004.85,1250.1,1.5,76790.0,50633000.0
2668.31,911.16,4175.2,12490.74,1260.67,1.5,76550.0,48710000.0
2639.06,896.18,4183.96,12488.93,1266.27,1.5,77150.0,49918000.0
2667.49,892.22,4287.5,12871.53,1272.11,1.5,76780.0,50549000.0
2695.05,904.75,4131.93,12334.64,1263.48,1.5,77120.0,49715000.0
